LEAD_ID;NOME LEAD;PRÉ VENDEDOR ATUAL;PRODUTO;ORIGEM;MERCADO;SUB-ORIGEM;TELEFONES;TEL PRINCIPAL;SITE;OBSERVACAO;LINK PUBLICO; LINK RD;CPF/CNPJ;ENDEREÇO;END-NUMERO;END-COMPLEMENTO;END-BAIRRO;END-CEP;END-PAIS;END-ESTADO;END-CIDADE;DATA CADASTRO;DATA ULTIMA ATUALIZACAO;USUARIO CADASTRO;EMAIL USUARIO CADASTRO;ETAPA ATUAL;FUNIL;DATA VENDA
33809051;Kalenborn do Brasil ;Marcos Oliveira;;Prospecção Ativa;Indústria;;(+55) 3134994034, (+55) 3134994000;3134994034;kalenborn.com.br/;CNPJ: 04921141000106, Razão Social: KALENBORN DO BRASIL LTDA, Data de Abertura: 22/02/2002, Outros emails: venancioscontabil@gmail.com, nfe@kalenborn.com.br, Sócios: Luiz Antonio De Campos, Kalenborn International Gmbh & Co. Kg, CNAE primário: 2852600-Fabricação de outras máquinas e equipamentos para uso na extração mineral, peças e acessórios, exceto na extração de petróleo, Porte: EPP - Empresa de Pequeno Porte, Faixa de Funcionários: De 20 à 49 funcionários, Faixa de Faturamento: De R$ 480 mil até R$ 4.8 milhões de reais por ano, LinkedIn: https://www.linkedin.com/company/kalenborn-do-brasil, Optante pelo SIMPLES: Não, Facebook: https://www.facebook.com/kalenborndobrasil;https://app.exactspotter.com/public/aWQ9MzM4MDkwNTEmZWNpZD0xNzg3OQ2;;04921141000106;ANTIGA BH-PEDRO LEOPOLDO, Nº 1150;;GALPAO3 E 4;;33206220;Brasil;Minas Gerais;Vespasiano;14/04/2025 13:31:46;28/05/2025 11:39:34;Marcos Oliveira;marcos.oliveira@olvinternacional.com.br;Dados Validados;Padrão;
33809055;Boiler e Mill ;Marcos Oliveira;;Prospecção Ativa;Indústria;;(+55) 3532121000, (+55) 3536069999;3532121000;www.boilermill.com.br/;CNPJ: 26025395000170, Razão Social: BOILER E MILL LTDA, Data de Abertura: 30/08/1989, Outros emails: boillermil@boilermill.com.br, eduardo.valim@boilermill.com.br, nfe@boilermill.com.br, Sócios: Keila Regina Valim Lopes, Kenia Cristina Valin Martins, Eduardo Jose Valim, CNAE primário: 2852600-Fabricação de outras máquinas e equipamentos para uso na extração mineral, peças e acessórios, exceto na extração de petróleo, Porte: EPP - Empresa de Pequeno Porte, Faixa de Funcionários: De 20 à 49 funcionários, Faixa de Faturamento: De R$ 480 mil até R$ 4.8 milhões de reais por ano, LinkedIn: https://br.linkedin.com/company/boiler-e-mill-ltda, Optante pelo SIMPLES: Sim;https://app.exactspotter.com/public/aWQ9MzM4MDkwNTUmZWNpZD0xNzg3OQ2;;26025395000170;DR. MESSIAS BARROS, Nº 1000;;;;37066070;Brasil;Minas Gerais;Varginha;14/04/2025 13:31:49;27/05/2025 15:05:40;Marcos Oliveira;marcos.oliveira@olvinternacional.com.br;Dados Validados;Padrão;
33809052;Steinert Latinoamericana Tecnologia de Separacao ;Marcos Oliveira;;Prospecção Ativa;Indústria;;(+55) 3125196200, (+55) 3133727560;3125196200;steinertglobal.com/;CNPJ: 08651835000113, Razão Social: STEINERT LATINOAMERICANA TECNOLOGIA DE SEPARACAO LTDA, Data de Abertura: 07/02/2007, Outros emails: steinert@steinert.com.br, processos@contaliza.com.br, Sócios: Steinert Gmbh, Steinert Australia Pty Ltd, Vinicius Souto Morais Reis, CNAE primário: 2852600-Fabricação de outras máquinas e equipamentos para uso na extração mineral, peças e acessórios, exceto na extração de petróleo, Porte: EPP - Empresa de Pequeno Porte, Faixa de Funcionários: De 50 à 99 funcionários, Faixa de Faturamento: De R$ 480 mil até R$ 4.8 milhões de reais por ano, LinkedIn: https://www.linkedin.com/company/steinert-latinoamericana/, Optante pelo SIMPLES: Não;https://app.exactspotter.com/public/aWQ9MzM4MDkwNTImZWNpZD0xNzg3OQ2;;08651835000113;LINCOLN DIOGO VIANA, Nº 510;;GALPAO01;;33250490;Brasil;Minas Gerais;Pedro Leopoldo;14/04/2025 13:31:46;27/05/2025 15:05:08;Marcos Oliveira;marcos.oliveira@olvinternacional.com.br;Dados Validados;Padrão;
33809054;Pw Hidropneumatica ;Marcos Oliveira;;Prospecção Ativa;Indústria;;(+55) 19338019500, (+55) 1121298950;19338019500;pwhidro.com.br;CNPJ: 61955761000191, Razão Social: PW HIDROPNEUMATICA LTDA, Data de Abertura: 22/11/1989, Outros emails: assertac@terra.com.br, pwhidro@pwhidro.com.br, Sócios: Paulo Ismael Wolf, Paulo Cesar Wolf, Gilberto Adriano Wolf, CNAE primário:2852600-Fabricação de outras máquinas e equipamentos para uso na extração mineral, peças e acessórios, exceto na extração de petróleo, Porte: EMP - Empresa de Médio Porte, Faixa de Funcionários: De 100 à 249 funcionários, Faixa de Faturamento: De R$ 480 mil até R$ 4.8 milhões de reais por ano, Facebook: NULL, Instagram: NULL, X: NULL, LinkedIn: https://br.linkedin.com/company/pw-hidropneum%C3%A1tica-ltda, Não Optante pelo SIMPLES;https://app.exactspotter.com/public/aWQ9MzM4MDkwNTQmZWNpZD0xNzg3OQ2;;61955761000191;ANTONIO BARNABE, Nº 652;;;;13347340;Brasil;São Paulo;Indaiatuba;14/04/2025 13:31:46;27/05/2025 15:05:32;Marcos Oliveira;marcos.oliveira@olvinternacional.com.br;Dados Validados;Padrão;
33809059;Maisontech Engenharia de Sistemas de Moagem e Britagem ;Marcos Oliveira;;Prospecção Ativa;Indústria;;(+55) 4998356294, (+55) 49998356294;4998356294;maisontech.ind.br/;CNPJ: 35519060000108, Nome Fantasia: MAISONTECH, Razão Social: MAISONTECH ENGENHARIA DE SISTEMAS DE MOAGEM E BRITAGEM LTDA, Data de Abertura: 14/11/2019, Outros sites: maisontech.ind.br, maisontech3.tempsite.ws, Outros emails: paulo@maisontech.com.br, vendas@maisontech.com.br, zalmon@maisontech.com.br, Sócios: Gilearde Salvador Dariva, CNAE primário: 2852600-Fabricação de outras máquinas e equipamentos para uso na extração mineral, peças e acessórios, exceto na extração de petróleo, Porte: EPP - Empresa de Pequeno Porte, Faixa de Funcionários: De 20 à 49 funcionários, Faixa de Faturamento: De R$ 480 mil até R$ 4.8 milhões de reais por ano, Facebook: https://m.facebook.com/people/Maisontech/100083200247245/, Optante pelo SIMPLES: Sim;https://app.exactspotter.com/public/aWQ9MzM4MDkwNTkmZWNpZD0xNzg3OQ2;;35519060000108;BENJAMIN CONSTANT, Nº 3085-D;;APT 102;;89801230;Brasil;Santa Catarina;Chapecó;14/04/2025 13:31:49;27/05/2025 15:06:00;Marcos Oliveira;marcos.oliveira@olvinternacional.com.br;Dados Validados;Padrão;
33809058;Agf Equipamentos;Marcos Oliveira;;Prospecção Ativa;Indústria;;(+55) 1938885800, (+55) 1938885800, (+55) 1126751446;1938885800;agfequipamentos.com.br/;CNPJ: 11681470000184, Nome Fantasia: AGF EQUIPAMENTOS, Razão Social: AGF IMPORTACAO, EXPORTACAO E COMERCIALIZACAO DE MAQUINAS E ACESSORIOS LTDA, Data de Abertura: 11/03/2010, Outros emails: financeiro@agfequipamentos.com.br, contato@agfequipamentos.com.br, andre.filho@agfequipamentos.com.br, bruno.lamas@agfequipamentos.com.br, alexandre.souza@agfequipamentos.com.br, Sócios: Alex Bertoldo Pacheco, Andre Garcia De Sousa Filho, CNAE primário: 2852600-Fabricação de outras máquinas e equipamentos para uso na extração mineral, peças e acessórios, exceto na extração de petróleo, Porte: EPP - Empresa de Pequeno Porte, Faixa de Funcionários: De 20 à 49 funcionários, Faixa de Faturamento: De R$ 480 mil até R$ 4.8 milhões de reais por ano, Facebook: https://www.facebook.com/agfequipamentos/?locale=pt_BR, LinkedIn: https://br.linkedin.com/company/agfequipamentos, Optante pelo SIMPLES: Não;https://app.exactspotter.com/public/aWQ9MzM4MDkwNTgmZWNpZD0xNzg3OQ2;;11681470000184;SP 346, Nº S/N;;KM 202.5;;13990000;Brasil;São Paulo;Espírito Santo do Pinhal;14/04/2025 13:31:49;08/05/2025 12:02:59;Marcos Oliveira;marcos.oliveira@olvinternacional.com.br;Dados Validados;Padrão;
33809050;Tornogran Industria e Comercio ;Marcos Oliveira;;Prospecção Ativa;Indústria;;(+55) 2737321266, (+55) 2737328596;2737321266;tornogran.com.br;CNPJ: 07213686000148, Nome Fantasia: TORNOGRAN, Razão Social: TORNOGRAN INDUSTRIA E COMERCIO LTDA, Data de Abertura: 03/02/2005, Sócios: Maria Aurea Dominicini Moreira, Jose Romildo Moreira Dias, CNAE primário:2852600-Fabricação de outras máquinas e equipamentos para uso na extração mineral, peças e acessórios, exceto na extração de petróleo, Porte: EPP - Empresa de Pequeno Porte, Faixa de Funcionários: De 20 à 49 funcionários, Faixa de Faturamento: De R$ 480 mil até R$ 4.8 milhões de reais por ano, Não Optante pelo SIMPLES;https://app.exactspotter.com/public/aWQ9MzM4MDkwNTAmZWNpZD0xNzg3OQ2;;07213686000148;PROJETADA H, Nº SN;;QUADRA: 01- LOTE: 01 E 02-;;29730000;Brasil;Espírito Santo;Baixo Guandu;14/04/2025 13:31:46;16/06/2025 18:58:00;Marcos Oliveira;marcos.oliveira@olvinternacional.com.br;Levantamento de Necessidades;Padrão;
33809057;Italbronze ;Marcos Oliveira;;Prospecção Ativa;Indústria;;(+55) 1124362900, (+55) 1196443933;1124362900;www.italbronze.com.br/;CNPJ: 61535381000106, Razão Social: ITALBRONZE LTDA, Data de Abertura: 04/08/1966, Outros emails: compras@italbronze.com.br, suporteti@italbronze.com.br, rh@italbronze.com.br, norma@italbronze.com.br, vendas@italbronze.com.br, diretoria@italbronze.com.br, juridico@italbronze.com.br, Sócios: Jaime Ortiz Jimenez, Rosalba Maestripieri Ortiz, Silvana Maestripieri Perez, CNAE primário: 2852600-Fabricação de outras máquinas e equipamentos para uso na extração mineral, peças e acessórios, exceto na extração de petróleo, Porte: EMP - Empresa de Médio Porte, Faixa de Funcionários: De 250 à 499 funcionários, Faixa de Faturamento: De R$ 480 mil até R$ 4.8 milhões de reais por ano, Facebook: https://m.facebook.com/profile.php?id=1375497279351633, LinkedIn: https://br.linkedin.com/company/italbronze-brasil, Optante pelo SIMPLES: Não;https://app.exactspotter.com/public/aWQ9MzM4MDkwNTcmZWNpZD0xNzg3OQ2;;61535381000106;TAMOTSU IWASSE, Nº 1415;;;;07176000;Brasil;São Paulo;Guarulhos;14/04/2025 13:31:49;27/05/2025 15:05:54;Marcos Oliveira;marcos.oliveira@olvinternacional.com.br;Dados Validados;Padrão;
33809056;Amcol Cetco do Brasil Servicos e Produtos de Construcao ;Marcos Oliveira;;Prospecção Ativa;Indústria;;(+55) 2221417331, (+55) 2227726421;2221417331;;CNPJ: 09267492000150, Razão Social: AMCOL CETCO DO BRASIL SERVICOS E PRODUTOS DE CONSTRUCAO LTDA, Data de Abertura: 28/11/2007, Outros emails: ALBERTO.SEVERO@MINERALSTECH.COM, Sócios: Colloid Environmental Technologies Company, Volclay International Corporation, Daniel Montes Delgado, CNAE primário:2852600-Fabricação de outras máquinas e equipamentos para uso na extração mineral, peças e acessórios, exceto na extração de petróleo, Porte: EPP - Empresa de Pequeno Porte, Faixa de Funcionários: De 20 à 49 funcionários, Faixa de Faturamento: De R$ 480 mil até R$ 4.8 milhões de reais por ano, Facebook: https://www.facebook.com/AMCOL-CETCO-DO-BRASIL-SERVI%C3%87OS-E-PRODUTOS-DE-CONSTRU%C3%87%C3%83O-LTDA-100000000000000/, Instagram: NULL, X: NULL, LinkedIn: https://www.linkedin.com/company/amcol-cetco-do-brasil/, Não Optante pelo SIMPLES;https://app.exactspotter.com/public/aWQ9MzM4MDkwNTYmZWNpZD0xNzg3OQ2;;09267492000150;LADY ESTEVES DA CONCEICAO, Nº 540;; PARTE;;27933420;Brasil;Rio de Janeiro;Macaé;14/04/2025 13:31:49;27/05/2025 15:05:47;Marcos Oliveira;marcos.oliveira@olvinternacional.com.br;Dados Validados;Padrão;
33809053;Fabricare - Pecas e Implementos Para Tratores ;Marcos Oliveira;;Prospecção Ativa;Indústria;;(+55) 3136414300, (+55) 3197181823;3136414300;fabricare.ind.br/;CNPJ: 37876881000119, Nome Fantasia: FABRICARE, Razão Social: FABRICARE - PECAS E IMPLEMENTOS PARA TRATORES LTDA, Data de Abertura: 28/07/2020, Sócios: Marina Sabino Procopio, CNAE primário: 2852600-Fabricação de outras máquinas e equipamentos para uso na extração mineral, peças e acessórios, exceto na extração de petróleo, Porte: EPP - Empresa de Pequeno Porte, Faixa de Funcionários: De 20 à 49 funcionários, Faixa de Faturamento: De R$ 480 mil até R$ 4.8 milhões de reais por ano, Optante pelo SIMPLES: Não, Facebook: https://www.facebook.com/fabricare.ind/about/, LinkedIn: https://br.linkedin.com/company/fabricare-ltda, Outros emails: stela@tbm.com.br;https://app.exactspotter.com/public/aWQ9MzM4MDkwNTMmZWNpZD0xNzg3OQ2;;37876881000119;DAS INDUSTRIAS, Nº 3428;;;;33030510;Brasil;Minas Gerais;Santa Luzia;14/04/2025 13:31:46;27/05/2025 15:05:22;Marcos Oliveira;marcos.oliveira@olvinternacional.com.br;Dados Validados;Padrão;
34432049;Karter Lubrificantes ;Marcos Oliveira;;Prospecção Ativa;Manufatura;;(+55) 1239567300, (+55) 1239562978;1239567300;;CNPJ: 04238156000166, Razão Social: KARTER LUBRIFICANTES LTDA, Data de Abertura: 12/01/2001, Outros emails: satihiro@uol.com.br, adm@aprisco.cnt.br, Sócios: Clovis De Lima Vieira, Victor Taira Vieira, Glaucia Sayuri Riyoji Takihi, CNAE primário:1922599-Fabricação de outros produtos derivados do petróleo, exceto produtos do refino, Porte: EPP - Empresa de Pequeno Porte, Faixa de Funcionários: De 20 à 49 funcionários, Faixa de Faturamento: De R$ 480 mil até R$ 4.8 milhões de reais por ano, Não Optante pelo SIMPLES;https://app.exactspotter.com/public/aWQ9MzQ0MzIwNDkmZWNpZD0xNzg3OQ2;;04238156000166;NICOLA CAPPUCI, Nº 3201;;;;12326491;Brasil;São Paulo;Jacareí;30/04/2025 18:52:51;30/04/2025 18:52:51;Marcos Oliveira;marcos.oliveira@olvinternacional.com.br;Entrada;Padrão;
34432048;Sondeq Industria de Sondas e Equipamentos ;Marcos Oliveira;;Prospecção Ativa;Manufatura;;(+55) 11336213080, (+55) 1136213080;11336213080;sondeq.com.br;CNPJ: 61360483000120, Razão Social: SONDEQ INDUSTRIA DE SONDAS E EQUIPAMENTOS LTDA, Data de Abertura: 16/08/1966, Sócios: Paulo Dequech, Jorge Dequech, Cristina Dequech, CNAE primário:2852600-Fabricação de outras máquinas e equipamentos para uso na extração mineral, peças e acessórios, exceto na extração de petróleo, Porte: EMP - Empresa de Médio Porte, Faixa de Funcionários: De 100 à 249 funcionários, Faixa de Faturamento: De R$ 480 mil até R$ 4.8 milhões de reais por ano, Facebook: https://www.facebook.com/sondeq, Instagram: NULL, X: NULL, LinkedIn: https://www.linkedin.com/company/sondeq-industria-de-sondas-e-equipamentos-ltda, Não Optante pelo SIMPLES;https://app.exactspotter.com/public/aWQ9MzQ0MzIwNDgmZWNpZD0xNzg3OQ2;;61360483000120;DOM PEDRO HENRIQUE DE O.E BRAGANCA, Nº 674;;FUNDOSFUNDOS;;05117002;Brasil;São Paulo;São Paulo;30/04/2025 18:52:49;27/05/2025 15:09:15;Marcos Oliveira;marcos.oliveira@olvinternacional.com.br;Dados Validados;Padrão;
34432055;Alfa Lula Alto Operacoes Maritimas ;Marcos Oliveira;;Prospecção Ativa;Manufatura;;;;;CNPJ: 18395435000148, Razão Social: ALFA LULA ALTO OPERACOES MARITIMAS LTDA, Data de Abertura: 01/07/2013, Outros emails: simone.castilho@sbmoffshore.com, Sócios: Alfa Lula Alto Holding Ltd., Sbm Offshore Do Brasil Ltda., Jonas Henrique Lobo Da Cunha Contemor, Bruno De Giusti Neto, CNAE primário:0910600-Atividades de apoio à extração de petróleo e gás natural, Porte: EMP - Empresa de Médio Porte, Faixa de Funcionários: De 250 à 499 funcionários, Faixa de Faturamento: De R$ 480 mil até R$ 4.8 milhões de reais por ano, Não Optante pelo SIMPLES;https://app.exactspotter.com/public/aWQ9MzQ0MzIwNTUmZWNpZD0xNzg3OQ2;;18395435000148;GUAIAO, Nº 66;;SALA 1201 A 1216 PARTE;;11035060;Brasil;São Paulo;Santos;30/04/2025 18:52:54;30/04/2025 18:52:54;Marcos Oliveira;marcos.oliveira@olvinternacional.com.br;Entrada;Padrão;
34432056;Gluon Petroleo e Gas .;Marcos Oliveira;;Prospecção Ativa;Manufatura;;(+55) 1128920009;1128920009;grupoleros.com.br;CNPJ: 22771986000136, Nome Fantasia: GRUPO LEROS, Razão Social: GLUON PETROLEO E GAS S.A., Data de Abertura: 01/07/2015, Outros emails: WILTON@FIRMASS.COM.BR, alexandre@grupoleros.com.br, wilton@firmass.com.br, renato@grupoleros.com.br, Sócios: Alexandre Siqueira Chiofetti, Kleber Ferreira Da Silva, Adriano Tadeu Deguirmendjian Rosa, CNAE primário:0600001-Extração de petróleo e gás natural, Porte: EMP - Empresa de Médio Porte, Faixa de Funcionários: De 100 à 249 funcionários, Faixa de Faturamento: De R$ 480 mil até R$ 4.8 milhões de reais por ano, Facebook: https://www.facebook.com/GrupoLeros/?locale=pt_BR, Instagram: NULL, X: NULL, LinkedIn: NULL, Não Optante pelo SIMPLES;https://app.exactspotter.com/public/aWQ9MzQ0MzIwNTYmZWNpZD0xNzg3OQ2;;22771986000136;PAIS LEME, Nº 215;;CONJ 1804;;05424150;Brasil;São Paulo;São Paulo;30/04/2025 18:52:54;30/04/2025 18:52:54;Marcos Oliveira;marcos.oliveira@olvinternacional.com.br;Entrada;Padrão;
34432054;Valman Industria Metalurgica ;Marcos Oliveira;;Prospecção Ativa;Manufatura;;(+55) 1141869900;1141869900;valman.com.br;CNPJ: 49769425000159, Nome Fantasia: VALMAN, Razão Social: VALMAN INDUSTRIA METALURGICA LTDA, Data de Abertura: 13/02/1979, Outros emails: vendas@valman.com.br, valman@valman.com.br, compras@valman.com.br, Sócios: Jaime Lopez Izquierdo, Adriana Segura Lopez, Luiz Segura Lopez, CNAE primário:2851800-Fabricação de máquinas e equipamentos para a prospecção e extração de petróleo, peças e acessórios, Porte: EPP - Empresa de Pequeno Porte, Faixa de Funcionários: De 20 à 49 funcionários, Faixa de Faturamento: De R$ 480 mil até R$ 4.8 milhões de reais por ano, Não Optante pelo SIMPLES;https://app.exactspotter.com/public/aWQ9MzQ0MzIwNTQmZWNpZD0xNzg3OQ2;;49769425000159;DOS SENTINELAS, Nº 450;;;;06330287;Brasil;São Paulo;Carapicuíba;30/04/2025 18:52:53;27/05/2025 15:09:48;Marcos Oliveira;marcos.oliveira@olvinternacional.com.br;Dados Validados;Padrão;
34432058;Bomcobras Maquinas e Equipamentos Para Petroleo e Gas ;Marcos Oliveira;;Prospecção Ativa;Manufatura;;(+55) 1150493256, (+55) 1150492434;1150493256;bomcobras.com.br;CNPJ: 14207801000137, Nome Fantasia: BOMCOBRAS, Razão Social: BOMCOBRAS MAQUINAS E EQUIPAMENTOS PARA PETROLEO E GAS LTDA, Data de Abertura: 26/08/2011, Outros emails: financeiro@bomcobras.com.br, oswaldo.fireman@bomcobras.com.br, cadastro@bomcobras.com.br, Sócios: Wang Shu Wei, Lu Fung, Fenggao Zi, Baoji Oilfield Machinery Co., Ltd, China Brasil Petroleo - Importacao, Exportacao E Representacao Comercial Ltda., Fusheng Liu, CNAE primário:2851800-Fabricação de máquinas e equipamentos para a prospecção e extração de petróleo, peças e acessórios, Porte: EMP - Empresa de Médio Porte, Faixa de Funcionários: De 250 à 499 funcionários, Faixa de Faturamento: De R$ 480 mil até R$ 4.8 milhões de reais por ano, Facebook: NULL, Instagram: NULL, X: NULL, LinkedIn: https://br.linkedin.com/company/bomcobras, Não Optante pelo SIMPLES;https://app.exactspotter.com/public/aWQ9MzQ0MzIwNTgmZWNpZD0xNzg3OQ2;;14207801000137;CALIFORNIA, Nº 890;;ANDAR TERREO;;04566061;Brasil;São Paulo;São Paulo;30/04/2025 18:52:55;30/04/2025 18:52:55;Marcos Oliveira;marcos.oliveira@olvinternacional.com.br;Entrada;Padrão;
34432050;Mixoil Industria e Comercio de Lubrificantes ;Marcos Oliveira;;Prospecção Ativa;Manufatura;;(+55) 1532631004, (+55) 1531999458;1532631004;;CNPJ: 30885010000112, Nome Fantasia: MIXOIL INDUSTRIA E COMERCIO DE LUBRIFICANTES, Razão Social: MIXOIL INDUSTRIA E COMERCIO DE LUBRIFICANTES LTDA, Data de Abertura: 09/07/2018, Outros emails: acampos@mixoil.ind.br, Sócios: Alex Fabiano De Campos, Marcelo David Muzel, CNAE primário:1922599-Fabricação de outros produtos derivados do petróleo, exceto produtos do refino, Porte: EPP - Empresa de Pequeno Porte, Faixa de Funcionários: De 20 à 49 funcionários, Faixa de Faturamento: De R$ 480 mil até R$ 4.8 milhões de reais por ano, Não Optante pelo SIMPLES;https://app.exactspotter.com/public/aWQ9MzQ0MzIwNTAmZWNpZD0xNzg3OQ2;;30885010000112;JOSE SARTORELLI, S/N;;;;18555225;Brasil;São Paulo;Boituva;30/04/2025 18:52:51;30/04/2025 18:52:51;Marcos Oliveira;marcos.oliveira@olvinternacional.com.br;Entrada;Padrão;
34432062;Westech Equipamentos Industriais ;Marcos Oliveira;;Prospecção Ativa;Manufatura;;(+55) 1131294751, (+55) 1132345400;1131294751;westechwater.com;CNPJ: 07798560000182, Nome Fantasia: WESTECH, Razão Social: WESTECH EQUIPAMENTOS INDUSTRIAIS LTDA, Data de Abertura: 05/01/2006, Outros emails: westech@westech.com.br, scott.allen@westech-inc.com, scott@westech-inc.com, info@westech-inc.com, mauro@westech.com.br, mgessel@westech-inc.com, matheus@westech.com.br, wtito@westech.com.br, Sócios: Westech Process Equipment Uk Limited, Luiz Alberto Infanti, CNAE primário:2852600-Fabricação de outras máquinas e equipamentos para uso na extração mineral, peças e acessórios, exceto na extração de petróleo, Porte: EPP - Empresa de Pequeno Porte, Faixa de Funcionários: De 20 à 49 funcionários, Faixa de Faturamento: De R$ 480 mil até R$ 4.8 milhões de reais por ano, Facebook: NULL, Instagram: NULL, X: NULL, LinkedIn: https://br.linkedin.com/company/westech-equipamentos-industriais-ltda, Não Optante pelo SIMPLES;https://app.exactspotter.com/public/aWQ9MzQ0MzIwNjImZWNpZD0xNzg3OQ2;;07798560000182;MARQUES DE PARANAGUA, Nº 360;;LOJA TERREA;;01303050;Brasil;São Paulo;São Paulo;30/04/2025 18:52:56;30/04/2025 18:52:56;Marcos Oliveira;marcos.oliveira@olvinternacional.com.br;Entrada;Padrão;
34432060;Elvin Lubrificantes Industria e Comercio ;Marcos Oliveira;;Prospecção Ativa;Manufatura;;(+55) 1145762656, (+55) 1131056488;1145762656;elvin.com.br;CNPJ: 62417282000184, Razão Social: ELVIN LUBRIFICANTES INDUSTRIA E COMERCIO LTDA, Data de Abertura: 07/05/1969, Outros emails: elvin@elvin.com.br, Sócios: Luis Alberto Diogenes Pinheiro, Dipi Holding Ltda, CNAE primário:1922599-Fabricação de outros produtos derivados do petróleo, exceto produtos do refino, Porte: EPP - Empresa de Pequeno Porte, Faixa de Funcionários: De 50 à 99 funcionários, Faixa de Faturamento: De R$ 480 mil até R$ 4.8 milhões de reais por ano, Não Optante pelo SIMPLES;https://app.exactspotter.com/public/aWQ9MzQ0MzIwNjAmZWNpZD0xNzg3OQ2;;62417282000184;PAR PARNAIBA, Nº 6550;;;;07811060;Brasil;São Paulo;Franco da Rocha;30/04/2025 18:52:56;30/04/2025 18:52:56;Marcos Oliveira;marcos.oliveira@olvinternacional.com.br;Entrada;Padrão;
34432065;Cadium Comercio Importacao e Exportacao ;Marcos Oliveira;;Prospecção Ativa;Manufatura;;(+55) 1140471200, (+55) 1140479292;1140471200;;CNPJ: 00245992000117, Razão Social: CADIUM COMERCIO IMPORTACAO E EXPORTACAO LTDA, Data de Abertura: 13/10/1994, Sócios: Rejane De Oliveira Possi, Marcio Roberto Possi, CNAE primário:1922599-Fabricação de outros produtos derivados do petróleo, exceto produtos do refino, Porte: EPP - Empresa de Pequeno Porte, Faixa de Funcionários: De 20 à 49 funcionários, Faixa de Faturamento: De R$ 480 mil até R$ 4.8 milhões de reais por ano, Não Optante pelo SIMPLES;https://app.exactspotter.com/public/aWQ9MzQ0MzIwNjUmZWNpZD0xNzg3OQ2;;00245992000117;LUIGI PAPAIZ, Nº 92;;;;09931610;Brasil;São Paulo;Diadema;30/04/2025 18:52:58;30/04/2025 18:52:58;Marcos Oliveira;marcos.oliveira@olvinternacional.com.br;Entrada;Padrão;
34432059;Condat Lubrificantes do Brasil Industria e Comercio .;Marcos Oliveira;;Prospecção Ativa;Manufatura;;(+55) 11340123105, (+55) 11340123100;11340123105;condat.com.br;CNPJ: 07129683000120, Razão Social: CONDAT LUBRIFICANTES DO BRASIL INDUSTRIA E COMERCIO LTDA., Data de Abertura: 09/12/2004, Outros emails: JESSICA.PASCHOAL@CONDAT.COM.BR, fabio@gfdvconsultoria.com.br, jessica.paschoal@condat.com.br, sergio.miyazawa@condat.com.br, webmaster@acl.com.br, Sócios: Sergio Edgar Aoki Miyazawa, Condat S/a, Didier Marc Boussault, CNAE primário:1922599-Fabricação de outros produtos derivados do petróleo, exceto produtos do refino, Porte: EMP - Empresa de Médio Porte, Faixa de Funcionários: De 250 à 499 funcionários, Faixa de Faturamento: De R$ 480 mil até R$ 4.8 milhões de reais por ano, Facebook: https://www.facebook.com/condatlubrificantes, Instagram: NULL, X: NULL, LinkedIn: https://www.linkedin.com/company/condat-lubrificantes, Não Optante pelo SIMPLES;https://app.exactspotter.com/public/aWQ9MzQ0MzIwNTkmZWNpZD0xNzg3OQ2;;07129683000120;DOM PEDRO I, Nº S/N;;KM 65;;12955000;Brasil;São Paulo;Bom Jesus dos Perdões;30/04/2025 18:52:55;30/04/2025 18:52:55;Marcos Oliveira;marcos.oliveira@olvinternacional.com.br;Entrada;Padrão;
34432063;Cotema Comercial e Tecnica de Maquinas ;Marcos Oliveira;;Prospecção Ativa;Manufatura;;(+55) 1930262999, (+55) 1934554906;1930262999;;CNPJ: 43141431000180, Razão Social: COTEMA COMERCIAL E TECNICA DE MAQUINAS LTDA, Data de Abertura: 04/02/1972, Sócios: Denisarth Steagall Junior, CNAE primário:2851800-Fabricação de máquinas e equipamentos para a prospecção e extração de petróleo, peças e acessórios, Porte: EPP - Empresa de Pequeno Porte, Faixa de Funcionários: De 20 à 49 funcionários, Faixa de Faturamento: De R$ 480 mil até R$ 4.8 milhões de reais por ano, Optante pelo SIMPLES;https://app.exactspotter.com/public/aWQ9MzQ0MzIwNjMmZWNpZD0xNzg3OQ2;;43141431000180;JUSCELINO KUBITSCHEK DE OLIVEIRA, Nº 1040;;;;13457190;Brasil;São Paulo;Santa Bárbara D'Oeste;30/04/2025 18:52:57;27/05/2025 15:10:33;Marcos Oliveira;marcos.oliveira@olvinternacional.com.br;Dados Validados;Padrão;
34432061;Gacisa Energia e Solucoes ;Marcos Oliveira;;Prospecção Ativa;Manufatura;;(+55) 1141812984;1141812984;;CNPJ: 59270579000155, Razão Social: GACISA ENERGIA E SOLUCOES LTDA, Data de Abertura: 20/07/1988, Sócios: Celio Antonio De Freitas Silva, CNAE primário:0910600-Atividades de apoio à extração de petróleo e gás natural, Porte: EPP - Empresa de Pequeno Porte, Faixa de Funcionários: De 20 à 49 funcionários, Faixa de Faturamento: De R$ 480 mil até R$ 4.8 milhões de reais por ano, Não Optante pelo SIMPLES;https://app.exactspotter.com/public/aWQ9MzQ0MzIwNjEmZWNpZD0xNzg3OQ2;;59270579000155;MAMORE, Nº 503;;CONJ 94;;06454040;Brasil;São Paulo;Barueri;30/04/2025 18:52:56;30/04/2025 18:52:56;Marcos Oliveira;marcos.oliveira@olvinternacional.com.br;Entrada;Padrão;
34432068;Tirreno Industria e Comercio de Produtos Quimicos ;Marcos Oliveira;;Prospecção Ativa;Manufatura;;(+55) 1140533346, (+55) 1140533327;1140533346;tirreno.com.br;CNPJ: 61923017000105, Razão Social: TIRRENO INDUSTRIA E COMERCIO DE PRODUTOS QUIMICOS LTDA, Data de Abertura: 16/01/1968, Outros emails: contabilidade@tirreno.com.br, Sócios: Cosan Lubrificantes E Especialidades S.a., Filipe Affonso Ferreira, Lineu Paulo Moran Filho, Gerson Francisco, Jose Alexandre Magalhaes Baptista, Mara Lourdes Justo Pezzotti, Alexandra Sabia, CNAE primário:1922599-Fabricação de outros produtos derivados do petróleo, exceto produtos do refino, Porte: EMP - Empresa de Médio Porte, Faixa de Funcionários: De 250 à 499 funcionários, Faixa de Faturamento: De R$ 480 mil até R$ 4.8 milhões de reais por ano, Não Optante pelo SIMPLES;https://app.exactspotter.com/public/aWQ9MzQ0MzIwNjgmZWNpZD0xNzg3OQ2;;61923017000105;BANDEIRANTES, Nº 610;;ANTIGO 530;;09912230;Brasil;São Paulo;Diadema;30/04/2025 18:52:59;30/04/2025 18:52:59;Marcos Oliveira;marcos.oliveira@olvinternacional.com.br;Entrada;Padrão;
34432064;Ramm Quimica Comercio e Industria ;Marcos Oliveira;;Prospecção Ativa;Manufatura;;(+55) 1938444137;1938444137;;CNPJ: 19309816000120, Razão Social: RAMM QUIMICA COMERCIO E INDUSTRIA LTDA, Data de Abertura: 25/11/2013, Outros emails: contato@officexpress.com.br, faturamento@rammquimica.com.br, Sócios: Natali Beatriz Felix Di Donato, Dinamus Administracao De Bens E Participacoes Societarias Ltda, CNAE primário:1922599-Fabricação de outros produtos derivados do petróleo, exceto produtos do refino, Porte: EPP - Empresa de Pequeno Porte, Faixa de Funcionários: De 20 à 49 funcionários, Faixa de Faturamento: De R$ 480 mil até R$ 4.8 milhões de reais por ano, Não Optante pelo SIMPLES;https://app.exactspotter.com/public/aWQ9MzQ0MzIwNjQmZWNpZD0xNzg3OQ2;;19309816000120;PLN 137, Nº 5702;;BLOCO B;;13148000;Brasil;São Paulo;Paulínia;30/04/2025 18:52:58;30/04/2025 18:52:58;Marcos Oliveira;marcos.oliveira@olvinternacional.com.br;Entrada;Padrão;
34432071;Lucheti Lubrificantes ;Marcos Oliveira;;Prospecção Ativa;Manufatura;;(+55) 1127328022, (+55) 1127028939;1127328022;lucheti.com.br;CNPJ: 59160689000164, Razão Social: LUCHETI LUBRIFICANTES LTDA, Data de Abertura: 10/08/1988, Outros emails: LUCHETI@LUCHETI.COM.BR, Sócios: Edson Manchado Dos Santos, Osmar Francisco Lucheti, Doralice Aparecida Lucheti, Clayton Lucheti, Meryellem Lucheti, CNAE primário:1922599-Fabricação de outros produtos derivados do petróleo, exceto produtos do refino, Porte: EPP - Empresa de Pequeno Porte, Faixa de Funcionários: De 50 à 99 funcionários, Faixa de Faturamento: De R$ 480 mil até R$ 4.8 milhões de reais por ano, Facebook: NULL, Instagram: NULL, X: NULL, LinkedIn: https://br.linkedin.com/company/lucheti-lubrificantes-ltda-, Não Optante pelo SIMPLES;https://app.exactspotter.com/public/aWQ9MzQ0MzIwNzEmZWNpZD0xNzg3OQ2;;59160689000164;COLINA DE SAO MARCOS, Nº 29;; N/C;;08485525;Brasil;São Paulo;São Paulo;30/04/2025 18:53:01;30/04/2025 18:53:01;Marcos Oliveira;marcos.oliveira@olvinternacional.com.br;Entrada;Padrão;
34425519;BluestOne Brasil;Marcos Oliveira;;Apollo.IA;mechanical or industrial engineering;;(+55) 0;0;https://bluest.one;beneficiamento de residuos industriais and, manufacturing, sustainability, waste management, recycling, circular economy, carbon credits, resource recovery, industrial transformation, environmental protection, high performance products, waste reduction, green technology, solid waste, innovation, community engagement, renewable energy, environmental governance, eco-friendly practices, zero waste, co-products, reusing materials, metal recovery, public health, educational initiatives, social responsibility, certification, hazardous waste management, energy optimization, environmental impact, environmental education, urban resilience, biodiversity protection, urban waste, industrial waste, training & development, risk management, safety standards, safety regulations, waste sorting, waste recovery, sustainability initiatives, carbon footprint, training programs, pollution reduction, environmental legislation, community projects, stakeholder engagement, waste processing facility, waste diversion strategies, mechanical or industrial engineering, environmental services, renewables & environment, clean energy & technology, health, wellness & fitness;https://app.exactspotter.com/public/aWQ9MzQ0MjU1MTkmZWNpZD0xNzg3OQ2;;;Rodovia Cornelio Pires;;;;13440-000;Brasil;São Paulo;São Paulo;30/04/2025 15:39:19;27/05/2025 15:06:34;Marcos Francisco;marcos.francisco@olvinternacional.com.br;Dados Validados;Padrão;
34425520;Conamore Hotelaria;Marcos Oliveira;;Apollo.IA;mechanical or industrial engineering;;(+55) 1932314160;1932314160;https://conamore.com.br;enxoval profissional, roupa de cama para hotelaria, personalizacao de enxoval, lencois brancos para hotelaria, toalhas brancas para hotelaria, manufacturing, hotel supplies, hospitality products, hotel linens, towels, bath towels, face towels, bed linens, hospital bed sheets, decorative bed linens, quality bed sheets, cotton sheets, duvets, duvet covers, bed covers, bedspreads, bed protectors, microfiber bedding, flannel bedding, hospitality amenities, soap dispensers, 2-in-1 shampoo & conditioner, aromatic bath products, hotel comforters, hospital blankets, customized embroidery, bulk hotel supplies, quick delivery services, hotel laundry services, high absorbency towels, durable linen products, guaranteed quality, competitive pricing, customer service support, secure online shopping, multiple payment options, order tracking service, promotional offers, discounts on bulk orders, hotel management tips, checklist for hotel supplies, hotel guest experience advice, sustainability in hotel supplies, hospitality marketing, educational materials for hotel management, airbnb host supplies, professional laundry solutions, durable amenities, hospitality management strategies, product customization options, mechanical or industrial engineering;https://app.exactspotter.com/public/aWQ9MzQ0MjU1MjAmZWNpZD0xNzg3OQ2;;;Rua Duilio Beltramini;7695;;;;Brasil;São Paulo;São Paulo;30/04/2025 15:39:19;30/04/2025 15:39:19;Marcos Francisco;marcos.francisco@olvinternacional.com.br;Entrada;Padrão;
34432051;Engendrar Engenheiros Associados Limitada;Marcos Oliveira;;Prospecção Ativa;Manufatura;;(+55) 1932366100, (+55) 1932364215;1932366100;engendrar.com.br;CNPJ: 00946877000170, Nome Fantasia: ENGENDRAR, Razão Social: ENGENDRAR ENGENHEIROS ASSOCIADOS LIMITADA, Data de Abertura: 24/11/1995, Outros emails: Talita.Giacon@engendrar.com.br, regencycont@uol.com.br, alvir.souto@engendrar.com.br, Wilson.Polo@engendrar.com.br, afranio.santos@engendrar.com.br, herbert.rodrigues@engendrar.com.br, fabio.bulgareli@engendrar.com.br, luiz.pedro@engendrar.com.br, Sócios: Denes Fabio Gondim, Luiz Carlos De Sousa Botelho, CNAE primário:2852600-Fabricação de outras máquinas e equipamentos para uso na extração mineral, peças e acessórios, exceto na extração de petróleo, Porte: EPP - Empresa de Pequeno Porte, Faixa de Funcionários: De 20 à 49 funcionários, Faixa de Faturamento: De R$ 480 mil até R$ 4.8 milhões de reais por ano, Facebook: NULL, Instagram: NULL, X: NULL, LinkedIn: https://br.linkedin.com/company/engendrar, Não Optante pelo SIMPLES;https://app.exactspotter.com/public/aWQ9MzQ0MzIwNTEmZWNpZD0xNzg3OQ2;;00946877000170;ANDRADE NEVES, Nº 295;;EDIF TORRE DE SAO PAULO ANDAR 14 E 15;;13013160;Brasil;São Paulo;Campinas;30/04/2025 18:52:51;30/04/2025 18:52:51;Marcos Oliveira;marcos.oliveira@olvinternacional.com.br;Entrada;Padrão;
34432053;Confab Servicos Tubulares ;Marcos Oliveira;;Prospecção Ativa;Manufatura;;(+55) 1236449502, (+55) 1236449574;1236449502;tenaris.com;CNPJ: 21482204000186, Razão Social: CONFAB SERVICOS TUBULARES LTDA, Data de Abertura: 27/11/2014, Outros emails: GIAMELLARO@TENARIS.COM, giamellaro@tenaris.com, Sócios: Renato Catallini, Idarilho Goncalves Nascimento Neto, Confab Industrial Sociedade Anonima, Luis Claudio Campos Chad, Pedro Alonso Toffoli, Paulo Eduardo Bicudo Dos Santos, CNAE primário:3314714-Manutenção e reparação de máquinas e equipamentos para a prospecção e extração de petróleo, Porte: EMP - Empresa de Médio Porte, Faixa de Funcionários: De 250 à 499 funcionários, Faixa de Faturamento: De R$ 480 mil até R$ 4.8 milhões de reais por ano, Facebook: NULL, Instagram: NULL, X: NULL, LinkedIn: https://br.linkedin.com/company/confab-industrial-s-a, Não Optante pelo SIMPLES;https://app.exactspotter.com/public/aWQ9MzQ0MzIwNTMmZWNpZD0xNzg3OQ2;;21482204000186;GASTAO VIDIGAL NETO, Nº 475;;;;12414020;Brasil;São Paulo;Pindamonhangaba;30/04/2025 18:52:52;27/05/2025 15:09:04;Marcos Oliveira;marcos.oliveira@olvinternacional.com.br;Dados Validados;Padrão;
34432052;Energis Agroquimica ;Marcos Oliveira;;Prospecção Ativa;Manufatura;;(+55) 1121498900;1121498900;energis8agroquimica.com.br;CNPJ: 03805416000175, Nome Fantasia: ENERGIS 8, Razão Social: ENERGIS 8 AGROQUIMICA LTDA, Data de Abertura: 28/04/2000, Outros emails: cibele.martin@energis8brasil.com, Sócios: Energis8 Do Brasil Ltda., Clovis Gimenes, Leonardo Oliveira Botteon, CNAE primário:1922599-Fabricação de outros produtos derivados do petróleo, exceto produtos do refino, Porte: EMP - Empresa de Médio Porte, Faixa de Funcionários: De 100 à 249 funcionários, Faixa de Faturamento: De R$ 480 mil até R$ 4.8 milhões de reais por ano, Facebook: https://www.facebook.com/energis8brasil, Instagram: NULL, X: NULL, LinkedIn: https://br.linkedin.com/company/energis-8-brasil, Não Optante pelo SIMPLES;https://app.exactspotter.com/public/aWQ9MzQ0MzIwNTImZWNpZD0xNzg3OQ2;;03805416000175;DOUTOR ULISSES GUIMARAES, Nº 909;;CONJ D;;09372050;Brasil;São Paulo;Mauá;30/04/2025 18:52:52;27/05/2025 15:08:41;Marcos Oliveira;marcos.oliveira@olvinternacional.com.br;Dados Validados;Padrão;
34432074;Forum Energia, Tecnologia, Equipamentos e Servicos, ;Marcos Oliveira;;Prospecção Ativa;Manufatura;;;;;CNPJ: 13211886000164, Razão Social: FORUM ENERGIA, TECNOLOGIA, EQUIPAMENTOS E SERVICOS, LTDA, Data de Abertura: 07/02/2011, Outros emails: nilo@nmassess.com.br, Sócios: Nilo Cunha Furtado De Mendonca, Forum Us, Inc., Forum Worldwide Holdings Limited, CNAE primário:3314714-Manutenção e reparação de máquinas e equipamentos para a prospecção e extração de petróleo, Porte: EMP - Empresa de Médio Porte, Faixa de Funcionários: De 100 à 249 funcionários, Faixa de Faturamento: De R$ 480 mil até R$ 4.8 milhões de reais por ano, Não Optante pelo SIMPLES;https://app.exactspotter.com/public/aWQ9MzQ0MzIwNzQmZWNpZD0xNzg3OQ2;;13211886000164;APENINOS, Nº 485;;CONJ 12;;01533000;Brasil;São Paulo;São Paulo;30/04/2025 18:53:02;30/04/2025 18:53:02;Marcos Oliveira;marcos.oliveira@olvinternacional.com.br;Entrada;Padrão;
34432067;Grupioni Equipamentos Industriais ;Marcos Oliveira;;Prospecção Ativa;Manufatura;;(+55) 1639519230, (+55) 1636513011;1639519230;grupioni.com.br;CNPJ: 61471207000139, Razão Social: GRUPIONI EQUIPAMENTOS INDUSTRIAIS LTDA, Data de Abertura: 14/09/1989, Sócios: Edson Cabreira Lando, CNAE primário:2852600-Fabricação de outras máquinas e equipamentos para uso na extração mineral, peças e acessórios, exceto na extração de petróleo, Porte: EPP - Empresa de Pequeno Porte, Faixa de Funcionários: De 20 à 49 funcionários, Faixa de Faturamento: De R$ 480 mil até R$ 4.8 milhões de reais por ano, Facebook: https://www.facebook.com/GrupioniEquipamentos/?locale=pt_BR, Instagram: NULL, X: NULL, LinkedIn: https://br.linkedin.com/in/edson-cabreira-lando-2b9b8133, Não Optante pelo SIMPLES;https://app.exactspotter.com/public/aWQ9MzQ0MzIwNjcmZWNpZD0xNzg3OQ2;;61471207000139;JOSE EDGARS PEREIRA BARRETO, Nº 685;;;;14140000;Brasil;São Paulo;Cravinhos;30/04/2025 18:52:58;30/04/2025 18:52:58;Marcos Oliveira;marcos.oliveira@olvinternacional.com.br;Entrada;Padrão;
34432069;Str Energia ;Marcos Oliveira;;Prospecção Ativa;Manufatura;;(+55) 1131242470, (+55) 1133828700;1131242470;strutturaengenharia.com;CNPJ: 13838902000143, Razão Social: STR ENERGIA LTDA, Data de Abertura: 13/05/2011, Sócios: Roberto Viana Batista Junior, Str Projetos E Participacoes Em Recursos Naturais S.a, Str Projetos E Participacoes Ltda, Philip Yang, CNAE primário:0600001-Extração de petróleo e gás natural, Porte: EPP - Empresa de Pequeno Porte, Faixa de Funcionários: De 50 à 99 funcionários, Faixa de Faturamento: De R$ 480 mil até R$ 4.8 milhões de reais por ano, Facebook: https://www.facebook.com/strenergia, Instagram: NULL, X: NULL, LinkedIn: https://www.linkedin.com/company/strenergia, Não Optante pelo SIMPLES;https://app.exactspotter.com/public/aWQ9MzQ0MzIwNjkmZWNpZD0xNzg3OQ2;;13838902000143;PIAUI, Nº 874;;CASA: PARTE-;;01241000;Brasil;São Paulo;São Paulo;30/04/2025 18:53:00;30/04/2025 18:53:00;Marcos Oliveira;marcos.oliveira@olvinternacional.com.br;Entrada;Padrão;
34432077;Glenalmond do Brasil Industria e Engenharia ;Marcos Oliveira;;Prospecção Ativa;Manufatura;;(+55) 1532051447, (+55) 1532596631;1532051447;;CNPJ: 14684239000132, Razão Social: GLENALMOND DO BRASIL INDUSTRIA E ENGENHARIA LTDA, Data de Abertura: 22/11/2011, Sócios: Barbara Anne Mincher, Glenalmond Group Ltd, Agnaldo Silva De Paula, CNAE primário:2851800-Fabricação de máquinas e equipamentos para a prospecção e extração de petróleo, peças e acessórios, Porte: EMP - Empresa de Médio Porte, Faixa de Funcionários: De 100 à 249 funcionários, Faixa de Faturamento: De R$ 480 mil até R$ 4.8 milhões de reais por ano, Não Optante pelo SIMPLES;https://app.exactspotter.com/public/aWQ9MzQ0MzIwNzcmZWNpZD0xNzg3OQ2;;14684239000132;JOAO BATISTA XAVIER, Nº 149;;;;18280620;Brasil;São Paulo;Tatuí;30/04/2025 18:53:03;30/04/2025 18:53:03;Marcos Oliveira;marcos.oliveira@olvinternacional.com.br;Entrada;Padrão;
34425513;Costa Granitos;Marcos Oliveira;;Apollo.IA;mechanical or industrial engineering;;(+55) 0;0;https://costagranitos.com.br;mineracao, beneficiamentos de chapas, comercio atacadista, a importacao e exportacao de pedras ornamentais de granitos, manufacturing, web hosting, cloud hosting, data center, domain registration, website builder, ssl certificate, managed hosting, shared hosting, dedicated server, vps hosting, ecommerce hosting, wordpress hosting, website migration, data security, content delivery network, customer support, scalability, affordable pricing, performance optimization, back-end solutions, front-end development, database management, web design, responsive design, seo tools, online storage, backup solutions, internet infrastructure, virtual private server, site management, high availability, load balancing, remote support, network security, email hosting, cdn integration, web analytics, site speed improvement, mobile optimization, server management, user-friendly interface, custom solutions, application hosting, traffic management, api integration, business solutions, online presence, mechanical or industrial engineering, information technology & services, cloud computing, enterprise software, enterprises, computer software, b2b, internet service providers, computer & network security;https://app.exactspotter.com/public/aWQ9MzQ0MjU1MTMmZWNpZD0xNzg3OQ2;;;Rua Atalydes Moreira de Souza;502;;;29168-055;Brasil;Espírito Santo;Vila Velha;30/04/2025 15:39:18;27/05/2025 15:06:50;Marcos Francisco;marcos.francisco@olvinternacional.com.br;Dados Validados;Padrão;
34425524;Daiken Elevadores;Marcos Oliveira;;Apollo.IA;mechanical or industrial engineering;;(+55) 41995170187;41995170187;https://daikenelevadores.com.br;elevadores, plataformas elevatorias acessibilidade, elevadores residenciais, elevators, hydraulic elevators, vertical platforms, accessibility solutions, residential elevators, safety technology, automation solutions, customer support, technical assistance, high-quality equipment, custom elevator design, home lift, platform lifts, engineered products, manufacturing processes, production planning, supply chain management, customer satisfaction, safety standards, technical specifications, component testing, maintenance services, elevator installation, personalized service, innovative design, cnc machining, material quality, engineering team, technical documentation, elevator modernization, user-friendly interfaces, cost-effective solutions, customized designs, efficient manufacturing, professional support, industry expertise, service reliability, market leadership, product performance, safety testing, user accessibility, competitive pricing, product excellence, project management, elevator safety features, specialized engineering, technical manuals, mechanical systems, electrical systems, logistics & supply chain, machinery, mechanical or industrial engineering, productivity;https://app.exactspotter.com/public/aWQ9MzQ0MjU1MjQmZWNpZD0xNzg3OQ2;;;Avenida Sao Gabriel;481;;;83403-500;Brasil;Paraná;Curitiba;30/04/2025 15:39:20;27/05/2025 15:07:14;Marcos Francisco;marcos.francisco@olvinternacional.com.br;Dados Validados;Padrão;
34425515;STEI;Marcos Oliveira;;Apollo.IA;mechanical or industrial engineering;;(+33) 974565286;974565286;https://stei13.com;structures metalliques, releves 3d, tuyauterie, chaudronnerie, etudes dexecution, diagnostic, inspection, file management, directory listing, web hosting, file transfer, data organization, ftp support, server access, digital storage, web services, data security, content management, file sharing, cloud storage, data backup, user interface, log file analysis, resource management, site navigation, content delivery, data retrieval, directory structure, metadata management, access permissions, file encryption, remote access, secure connections, web server, client-server model, file versioning, collaboration tools, storage solutions, system configuration, data synchronization, user authentication, file synchronization, bulk file upload, data migration, application integration, remote storage, web application, online file access, file search, content organization, resource allocation, data integrity, web platform, information architecture, information technology & services, computer & network security;https://app.exactspotter.com/public/aWQ9MzQ0MjU1MTUmZWNpZD0xNzg3OQ2;;;Allee Andre-marie Ampere;3;;;13500;Brasil;Rio de Janeiro;Rio de Janeiro;30/04/2025 15:39:19;27/05/2025 15:06:59;Marcos Francisco;marcos.francisco@olvinternacional.com.br;Dados Validados;Padrão;
34432075;Brasbauer Equipamentos de Perfuracao .;Marcos Oliveira;;Prospecção Ativa;Manufatura;;(+55) 1130289811, (+55) 1138424552;1130289811;brasbauer.com.br;CNPJ: 11640370000100, Razão Social: BRASBAUER EQUIPAMENTOS DE PERFURACAO LTDA., Data de Abertura: 19/08/2009, Outros emails: rolf@brasbauer.com.br, Sócios: Dario Libano, Bauer Maschinen Gmbh, Brasfond Fundacoes Especiais Ltda, CNAE primário:2851800-Fabricação de máquinas e equipamentos para a prospecção e extração de petróleo, peças e acessórios, Porte: EPP - Empresa de Pequeno Porte, Faixa de Funcionários: De 50 à 99 funcionários, Faixa de Faturamento: De R$ 480 mil até R$ 4.8 milhões de reais por ano, Facebook: https://www.facebook.com/brasbauer, Instagram: NULL, X: NULL, LinkedIn: https://www.linkedin.com/company/brasbauer-equipamentos-de-perfuracao-ltda, Não Optante pelo SIMPLES;https://app.exactspotter.com/public/aWQ9MzQ0MzIwNzUmZWNpZD0xNzg3OQ2;;11640370000100;OLIMPIADAS, Nº 194;;CONJ 131   SALA 6;;04551000;Brasil;São Paulo;São Paulo;30/04/2025 18:53:03;30/04/2025 18:53:03;Marcos Oliveira;marcos.oliveira@olvinternacional.com.br;Entrada;Padrão;
34425518;Margui Engenharia de Equipamentos;Marcos Oliveira;;Apollo.IA;mechanical or industrial engineering;;(+55) 5432929735;5432929735;https://margui.com.br;asphalt plants, paving solutions, customized projects, maintenance services, spare parts, preventive maintenance, technical support, client training, vibratory screeds, high-quality equipment, construction technology, equipment delivery, technical delivery, customer support, improved user experience, sustainable solutions, engineering expertise, multi-capacity asphalt plants, soil plants, rotary dryers, preventive inspections, technical training, original spare parts, assembly services, asphalt tanks, filler dosing silo, aggregate silos, asphalt control systems, expert technicians, timely replacements, specialized engineers, project development, client relations, market expansion, international presence, bndes financing, cutting-edge technology, customized paving, repair services, supply chain management, competitive analysis, product catalog download, industry standards, environmental responsibility, flexible manufacturing, technical advancements, industrial machinery, customer engagement, logistics & supply chain;https://app.exactspotter.com/public/aWQ9MzQ0MjU1MTgmZWNpZD0xNzg3OQ2;;;Estrada Morro Gaucho;555;;;95778-000;Brasil;Rio Grande do Sul;Caxias do Sul;30/04/2025 15:39:19;30/04/2025 15:39:19;Marcos Francisco;marcos.francisco@olvinternacional.com.br;Entrada;Padrão;
34432070;Ssoil Energy ;Marcos Oliveira;;Prospecção Ativa;Manufatura;;(+55) 1836384550;1836384550;ssoilenergy.com.br;CNPJ: 30459634000178, Razão Social: SSOIL ENERGY S/A, Data de Abertura: 15/05/2018, Outros emails: FAQ@SSOIL.COM, faq@ssoil.com, joao.reis@ssoilenergy.com.br, ricardo.moura@ssoilenergy.com, ricardo.moura@ssoilenergy.com.br, comercial@ssoilenergy.com.br, Sócios: Ricardo Jose Melo De Moura Junior, Andre Gustavo Rodrigues De Menezes, CNAE primário:1921700-Fabricação de produtos do refino de petróleo, Porte: EMP - Empresa de Médio Porte, Faixa de Funcionários: De 250 à 499 funcionários, Faixa de Faturamento: De R$ 480 mil até R$ 4.8 milhões de reais por ano, Facebook: NULL, Instagram: NULL, X: NULL, LinkedIn: https://br.linkedin.com/company/ssoil-energy, Não Optante pelo SIMPLES;https://app.exactspotter.com/public/aWQ9MzQ0MzIwNzAmZWNpZD0xNzg3OQ2;;30459634000178;MUNICIPAL COROADOS, Nº 148;; KM 1.1  SALA 01;;16260000;Brasil;São Paulo;Coroados;30/04/2025 18:53:01;30/04/2025 18:53:01;Marcos Oliveira;marcos.oliveira@olvinternacional.com.br;Entrada;Padrão;
34425525;Copespuma;Marcos Oliveira;;Apollo.IA;mechanical or industrial engineering;;(+55) 1121849844;1121849844;https://copespuma.com.br;latex, travesseiros, colchoes, almofadas, camas, manufacturing, mattresses, pillows, ergonomic sleeping products, comfort, wellness, sustainable materials, quality sleep, pressure relief, customizable products, home care solutions, foam technology, high-density foam, anatomical design, breathable fabrics, supportive cushions, restoration, energy recovery, health accessories, home decor, luxury bedding, sleep innovation, temperature regulation, removable covers, washable textiles, natural materials, commercial bedding, hospital bedding, hotel quality, sleep health, back support, full-body pillows, multifunctional use, sleep aids, relaxation, supportive seating, compact packaging, sleep experience, user-friendly, consumer wellness, high-performance foam, certified safe materials, oeko-tex certified, certapur certified, custom sleep solutions, premium comfort, innovative design, safety training, workplace safety, corporate responsibility, consumer education, mechanical or industrial engineering;https://app.exactspotter.com/public/aWQ9MzQ0MjU1MjUmZWNpZD0xNzg3OQ2;;;Rua Antonio Christi;160;;;13213-105;Brasil;São Paulo;São Paulo;30/04/2025 15:39:21;27/05/2025 15:07:05;Marcos Francisco;marcos.francisco@olvinternacional.com.br;Dados Validados;Padrão;
34425511;Dr. JONES;Marcos Oliveira;;Apollo.IA;mechanical or industrial engineering;;(+55) 0;0;https://drjones.com.br;grooming, beauty, consumer, hairstyle, barba, manufacturing, razor, beard care, shaving kit, shaving cream, after shave, shaving balm, face wash, shampoo, hair care, body wash, moisturizer, men's grooming, barber accessories, personal care, skin protection, sensitive skin, high-quality blades, durable razors, ergonomic design, lubricating strip, aloe vera, hair strengthening, anti-dandruff, charcoal shampoo, shaving precision, razor refills, combination packs, subscription service, discount offers, blue friday promotion, men's beauty, grooming essentials, self-care products, facial cleanser, firming lotion, reducing gel, hydration, shaving experience, clean skin, daily routine, smooth shave, advanced technology, active ingredients, codified products, comfortable grooming, premium blades, personalized care, beauty subscription, styling gel, natural ingredients, mechanical or industrial engineering;https://app.exactspotter.com/public/aWQ9MzQ0MjU1MTEmZWNpZD0xNzg3OQ2;;;Rua Cacapava;49;;;01408-010;Brasil;São Paulo;São Paulo;30/04/2025 15:39:18;27/05/2025 15:06:41;Marcos Francisco;marcos.francisco@olvinternacional.com.br;Dados Validados;Padrão;
34432078;Energis Industria e Comercio ;Marcos Oliveira;;Prospecção Ativa;Manufatura;;(+55) 1534599933, (+55) 1534599932;1534599933;;CNPJ: 00696951000147, Razão Social: ENERGIS8 INDUSTRIA E COMERCIO LTDA, Data de Abertura: 10/07/1995, Outros emails: luciane.marcon@energis8.com, Sócios: Energis8 Do Brasil Ltda., Ffb Enterprises, Inc, Vladimir Cassiolato, CNAE primário:1922599-Fabricação de outros produtos derivados do petróleo, exceto produtos do refino, Porte: EPP - Empresa de Pequeno Porte, Faixa de Funcionários: De 20 à 49 funcionários, Faixa de Faturamento: De R$ 480 mil até R$ 4.8 milhões de reais por ano, Facebook: NULL, Instagram: NULL, X: NULL, LinkedIn: https://br.linkedin.com/company/petrowax, Não Optante pelo SIMPLES;https://app.exactspotter.com/public/aWQ9MzQ0MzIwNzgmZWNpZD0xNzg3OQ2;;00696951000147;MARIA CONCEICAO APARECIDA ANDRADE, Nº 201;;GALPAO01 PORTAO 01 SALA 03;;18560000;Brasil;São Paulo;Iperó;30/04/2025 18:53:03;30/04/2025 18:53:03;Marcos Oliveira;marcos.oliveira@olvinternacional.com.br;Entrada;Padrão;
34432073;Tamco Lubrificantes e Derivados ;Marcos Oliveira;;Prospecção Ativa;Manufatura;;(+55) 11344479292, (+55) 1139414080;11344479292;tamcolubrificantes.com.br;CNPJ: 61465597000134, Nome Fantasia: TAMCO LUBRIFICANTES, Razão Social: TAMCO LUBRIFICANTES E DERIVADOS LTDA, Data de Abertura: 22/09/1961, Outros emails: LUCAS@TAMCOLUBRIFICANTES.COM.BR, asteca@veloxmail.com.br, lucas@tamcolubrificantes.com.br, contato@tamcolubrificantes.com.br, oberdan@tamcolubrificantes.com.br, Sócios: Oberdan Minucci Guimaraes, Taboca Participacoes Societarias Ltda, CNAE primário:1922599-Fabricação de outros produtos derivados do petróleo, exceto produtos do refino, Porte: EMP - Empresa de Médio Porte, Faixa de Funcionários: De 100 à 249 funcionários, Faixa de Faturamento: De R$ 480 mil até R$ 4.8 milhões de reais por ano, Facebook: https://www.facebook.com/tamcolubrificantes/?locale=pt_BR, Instagram: NULL, X: NULL, LinkedIn: https://br.linkedin.com/company/tamco-lubrificantes, Não Optante pelo SIMPLES;https://app.exactspotter.com/public/aWQ9MzQ0MzIwNzMmZWNpZD0xNzg3OQ2;;61465597000134;PAR PARNAIBA, Nº 6501;;;;07811060;Brasil;São Paulo;Franco da Rocha;30/04/2025 18:53:01;30/04/2025 18:53:01;Marcos Oliveira;marcos.oliveira@olvinternacional.com.br;Entrada;Padrão;
34425526;Union Projetos Industriais Ltda;Marcos Oliveira;;Apollo.IA;mechanical or industrial engineering;;(+55) 3537219343;3537219343;https://unionprojetosindustriais.com.br;obras, engenharia, gerenciamento, engineering services, project management, construction management, industrial projects, compliance program, 3d plant design, laser scanning, equipment engineering, detailed engineering, contract management, sustainability in construction, civil engineering, infrastructure projects, cost estimation, portfolio management, urban planning, mechanical engineering, automation & control, electrical systems, pipeline projects, project feasibility, environmental impact assessments, health safety environment, process optimization, multidisciplinary team, front end loading, turnkey projects, technical assistance, site surveys, project commissioning, industrial construction, budget management, procedure compliance, supply chain management, risk management, remote work program, quality assurance, project lifecycle, stakeholder communication, field data collection, engineering studies, performance metrics, contractual agreements, project execution, team training, integrated project management, engineering methodologies, construction technology, information technology & services, productivity, mechanical or industrial engineering, logistics & supply chain;https://app.exactspotter.com/public/aWQ9MzQ0MjU1MjYmZWNpZD0xNzg3OQ2;;;Rua Joaquim Floriano;466;;;04534-011;Brasil;Minas Gerais;Poços de Caldas;30/04/2025 15:39:21;30/04/2025 15:39:21;Marcos Francisco;marcos.francisco@olvinternacional.com.br;Entrada;Padrão;
34425521;Rishon CosmÃ©ticos;Marcos Oliveira;;Apollo.IA;mechanical or industrial engineering;;(+55) 81992552016;81992552016;https://rishoncosmeticos.com.br;terceirizacao, maquiagem, producao, cabelos, formulas, manufacturing, hair care, moisturizing, nutrients, repair treatment, hair restoration, cosmetics, hair growth, thermal protection, define curls, shampoo, conditioner, colored hair, deep cleaning, self-esteem products, hair strengthening, makeup, facial care, hydration, biotin, keratin, coconut oil, acne treatment, micellar water, brilliant shine, infused oils, frizz control, hair styling, home care, professional treatment, cosmetic distributor, acacia, herbal treatments, volume reduction, natural ingredients, beauty kits, free of harmful substances, trichology, capillary health, skincare, children's hair products, brand partnerships, hair styling spray, self-care, beauty innovation, affordable quality, extended-lasting makeup, professional hair products, instagram beauty, social media influence, affordable packaging, mechanical or industrial engineering, beauty, apparel & fashion;https://app.exactspotter.com/public/aWQ9MzQ0MjU1MjEmZWNpZD0xNzg3OQ2;;;Rua Londrina;31;;;50770-400;Brasil;Pernambuco;Recife;30/04/2025 15:39:19;27/05/2025 15:07:27;Marcos Francisco;marcos.francisco@olvinternacional.com.br;Dados Validados;Padrão;
34425510;Simplex Equipamentos Ltda;Marcos Oliveira;;Apollo.IA;mechanical or industrial engineering;;(+55) 3136899100;3136899100;https://simplex.ind.br;crushing, screening, conveying, equipment, grinding, mobile units, portable units, washing systems, material handling, transportation, water treatment, mining, steel industry, cement, fertilizers, recycling, aggregates, impact crushers, cone crushers, jaw crushers, sand classification, customer experience, technical expertise, sustainability, innovation, low maintenance, safety, quality, brazilian market, latin america, usa, africa, mineral processing, aggregate processing, heavy machinery, industrial solutions, manufacturing, engineering, sales support, after sales service, qualified team, efficient systems, production equipment, process optimization, plant solutions, heavy-duty equipment, mineral screening, environmental services, renewables & environment, mechanical or industrial engineering;https://app.exactspotter.com/public/aWQ9MzQ0MjU1MTAmZWNpZD0xNzg3OQ2;;;Avenida Joao Azeredo Coutinho;315;;;33400-000;Brasil;Minas Gerais;Lagoa Santa;30/04/2025 15:39:18;27/05/2025 15:06:19;Marcos Francisco;marcos.francisco@olvinternacional.com.br;Dados Validados;Padrão;
34425508;UPTON Ltda;Marcos Oliveira;;Apollo.IA;mechanical or industrial engineering;;(+55) 0;0;https://upton.com.br;automacao em linhas de envase existentes, latas, aumento de produtividade e eficiencia, pet, servicos de assistencia tecnica e automacao, auditoria de linhas de envase, gerenciamento de projetos, transportadores de garrafas vidro, transferencias de linhas de envase, engenharia de linhas de envase, transportadores de pacotes e paletes, manufacturing, packaging consulting, industrial line construction, project management, line productivity, line audit, training & development, automation solutions, transportation systems, bottling lines, canning lines, manufacturing efficiency, process optimization, efficiency assessment, hardware installation, production capacity, supply chain coordination, quality preservation, technology transfer, resource utilization, preventive maintenance, problem-solving, workflow enhancement, cost-benefit analysis, basic engineering, equipment sizing, operational downtime, production team training, supervisory training, line performance, client satisfaction, line intervention, root cause analysis, performance metrics, load optimization, equipment selection, factory layout, production simulations, engineering project implementation, staff integration, technical expertise, customer collaboration, strategic planning, contract specifications, supplier management, quality control, sustainability initiatives, real-time solutions, production costs, capital investments, mechanical or industrial engineering, productivity;https://app.exactspotter.com/public/aWQ9MzQ0MjU1MDgmZWNpZD0xNzg3OQ2;;;Rua Pernambuco;99;;;06530-080;Brasil;São Paulo;Santana de Parnaíba;30/04/2025 15:39:18;27/05/2025 15:06:13;Marcos Francisco;marcos.francisco@olvinternacional.com.br;Dados Validados;Padrão;
34432081;Fey Industrria e Comercio - Em Recuperacao Judicial;Marcos Oliveira;;Prospecção Ativa;Manufatura;;(+55) 11346527979, (+55) 1146541725;11346527979;fey.ind.br;CNPJ: 49246432000176, Nome Fantasia: FEY, Razão Social: FEY INDUSTRRIA E COMERCIO LTDA - EM RECUPERACAO JUDICIAL, Data de Abertura: 30/09/1977, Outros emails: FEY2000@UOL.COM.BR, jeferson@fey.com.br, fey@fey.ind.br, silvio@fey.ind.br, charles.bnu@uol.com.br, renato@fey.ind.br, Sócios: Edmundo Fey, Renati Fey, Renato Fey, CNAE primário:2852600-Fabricação de outras máquinas e equipamentos para uso na extração mineral, peças e acessórios, exceto na extração de petróleo, Porte: EMP - Empresa de Médio Porte, Faixa de Funcionários: De 100 à 249 funcionários, Faixa de Faturamento: De R$ 480 mil até R$ 4.8 milhões de reais por ano, Facebook: NULL, Instagram: NULL, X: NULL, LinkedIn: https://br.linkedin.com/company/fey-ind-e-com-ltda, Não Optante pelo SIMPLES;https://app.exactspotter.com/public/aWQ9MzQ0MzIwODEmZWNpZD0xNzg3OQ2;;49246432000176;PARIS, Nº 280;;;;07411690;Brasil;São Paulo;Arujá;30/04/2025 18:53:05;30/04/2025 18:53:05;Marcos Oliveira;marcos.oliveira@olvinternacional.com.br;Entrada;Padrão;
34432066;Asp Servicos Industriais ;Marcos Oliveira;;Prospecção Ativa;Manufatura;;(+55) 1140251890;1140251890;;CNPJ: 25359155000140, Razão Social: ASP SERVICOS INDUSTRIAIS LTDA, Data de Abertura: 03/08/2016, Sócios: Paulo Augusto Martinez, CNAE primário:3314714-Manutenção e reparação de máquinas e equipamentos para a prospecção e extração de petróleo, Porte: EPP - Empresa de Pequeno Porte, Faixa de Funcionários: De 50 à 99 funcionários, Faixa de Faturamento: De R$ 480 mil até R$ 4.8 milhões de reais por ano, Não Optante pelo SIMPLES;https://app.exactspotter.com/public/aWQ9MzQ0MzIwNjYmZWNpZD0xNzg3OQ2;;25359155000140;DOUTOR MANOEL MARIA BUENO, Nº 37;;;;13311215;Brasil;São Paulo;Itu;30/04/2025 18:52:58;30/04/2025 18:52:58;Marcos Oliveira;marcos.oliveira@olvinternacional.com.br;Entrada;Padrão;
34425516;Axis Solutions Digital Manufacturing;Marcos Oliveira;;Apollo.IA;mechanical or industrial engineering;;(+55) 0;0;https://axissolutions.com.br;robotica, automacao, engenharia, projeto mecanico, simulacao, programacao de robos, programacao de clps, comissionamento virtual, system layout, tooling design, simulation, robot programming, plc programming, automation, robotics, process simulate, robotstudio, roboguide, abb, fanuc, robotics engineering, robotic automation, engineering solutions, plcs programming, virtual commissioning, 3d simulation, process planning, mechanical design, welding parameterization, production monitoring, end-of-arm tooling, hmi software, custom design, cycle time optimization, system integrators, vehicle assembly, body in white, multidisciplinary teams, project management, client collaboration, industrial automation, efficient production, software development, quality assurance, cost reduction, project execution, startup assistance, bottleneck analysis, fault diagnosis, user-friendly interface, training & support, team development, innovation in engineering, client-focused solutions, process validation, automation technology, scalable solutions, implementation strategies, project lifecycle management, field testing, productivity enhancement, risk management, performance optimization, integration testing, quality compliance, safety standards, mechanical or industrial engineering, information technology & services, productivity;https://app.exactspotter.com/public/aWQ9MzQ0MjU1MTYmZWNpZD0xNzg3OQ2;;;Suzano;;;;;Brasil;São Paulo;São Paulo;30/04/2025 15:39:19;30/04/2025 15:39:19;Marcos Francisco;marcos.francisco@olvinternacional.com.br;Entrada;Padrão;
34425514;HwIT - Hardware Innovation Technologies;Marcos Oliveira;;Apollo.IA;mechanical or industrial engineering;;(+55) 0;0;https://hwit.com.br;hardware, electronics, product engineering, engineering, firmware, tests, qualification, pcb assembly, mechanics, software, pcb, high speed, fpga, design services, development services, manufacturing, contract manufacture, calibration, box build, packaging, thermal simulation, electrical simulation, electrical, appliances, electrical, & electronics manufacturing, hardware innovation, technology solutions, prototype development, high-tech products, pcba services, automated testing, quality assurance, asic design, firmware development, supply chain management, turnkey solutions, full stack manufacturing, design for manufacturability, solder paste inspection, precision printing, component placement, reflow soldering, automated optical inspection, functional testing, box-build assembly, calibration services, embedded systems, high reliability electronics, electronic device performance, product lifecycle management, custom hardware solutions, electronic manufacturing services, product design optimization, manufacturing efficiency, electronic component sourcing, industrial production capability, advanced manufacturing techniques, hardware prototyping, quality control processes, market-ready products, technology commercialization, innovation pipeline, collaborative development, advanced electronics, sustainability in manufacturing, user interface design, multi-disciplinary team, engineering excellence, cost-effective production, streamlined processes, client-focused solutions, computer hardware, information technology & services, semiconductors, mechanical or industrial engineering, shipping, logistics & supply chain, electrical/electronic manufacturing, embedded hardware & software;https://app.exactspotter.com/public/aWQ9MzQ0MjU1MTQmZWNpZD0xNzg3OQ2;;;Rua Jose Carlos Quintal;184;;;13142-218;Brasil;São Paulo;Campinas;30/04/2025 15:39:18;30/04/2025 15:39:18;Marcos Francisco;marcos.francisco@olvinternacional.com.br;Entrada;Padrão;
34432076;Votopetro Industria e Comercio .;Marcos Oliveira;;Prospecção Ativa;Manufatura;;(+55) 15981517474, (+55) 15998061412;15981517474;greentechedu.org;CNPJ: 23378585000183, Nome Fantasia: VOTO PETRO, Razão Social: VOTOPETRO INDUSTRIA E COMERCIO S.A., Data de Abertura: 30/09/2015, Outros sites: votopetro.com.br, green-tech.international, Outros emails: DANIEL@GRUPOLEROS.COM.BR, daniel@grupoleros.com.br, Sócios: Cicero Clemente De Albuquerque, CNAE primário:1921700-Fabricação de produtos do refino de petróleo, Porte: EPP - Empresa de Pequeno Porte, Faixa de Funcionários: De 50 à 99 funcionários, Faixa de Faturamento: De R$ 480 mil até R$ 4.8 milhões de reais por ano, Não Optante pelo SIMPLES;https://app.exactspotter.com/public/aWQ9MzQ0MzIwNzYmZWNpZD0xNzg3OQ2;;23378585000183;JOSE BATISTA DOS SANTOS, Nº 455;;;;18119899;Brasil;São Paulo;Votorantim;30/04/2025 18:53:03;27/05/2025 15:10:15;Marcos Oliveira;marcos.oliveira@olvinternacional.com.br;Dados Validados;Padrão;
34425523;Toyster Brinquedos;Marcos Oliveira;;Apollo.IA;mechanical or industrial engineering;;(+55) 0;0;https://toyster.com.br;quebracabecas educativos, quebracabecas, brinquedos para bebes, jogos infantis, jogos de tabuleiro, inflaveis e mordedores de agua, jogos e quebracabecas educativos, jogos com personagens, blocos de montar, jogos para adultos, mordedores de agua, manufacturing, toys, educational games, building blocks, puzzles, baby toys, creative kits, memory games, activity kits, water toys, dolls, interactive toys, wooden puzzles, character toys, disney toys, mickey mouse, spider man, star wars, pixar, baby rattles, activity mats, soft toys, coordinating activities, children's games, craft kits, painting kits, story books, baby bath toys, developmental toys, age-appropriate toys, storytelling toys, themed toys, social games, artistic kits, cognitive games, physical activity games, family games, sensory toys, motor skills development, imaginative play, character-based toys, motor development, playtime activities, early learning toys, fun family games, colorful toys, design your own toys, collectible toys, themed puzzles, 3d puzzles, mechanical or industrial engineering, e-learning, internet, information technology & services, computer software, education management, computer games, consumers, social media, consumer internet;https://app.exactspotter.com/public/aWQ9MzQ0MjU1MjMmZWNpZD0xNzg3OQ2;;;Rua Henrique Dias;100;;;06233-120;Brasil;São Paulo;Osasco;30/04/2025 15:39:20;30/04/2025 15:39:20;Marcos Francisco;marcos.francisco@olvinternacional.com.br;Entrada;Padrão;
34425509;TEKee Engineering and Services;Marcos Oliveira;;Apollo.IA;mechanical or industrial engineering;;(+55) 0;0;https://tekee.com.br;comissioning, management of changes, acceptance, procedures, usp, offshore drilling, oil gas, in brazil & worldwide, punch management, layup, engineering projects, engineering, asset integrity, sgso, offshore, brazilian rules nrs, consulting, oil gas training, audit, nr37, anp, dso;https://app.exactspotter.com/public/aWQ9MzQ0MjU1MDkmZWNpZD0xNzg3OQ2;;;Rio de Janeiro;;;;;Brasil;Rio de Janeiro;Rio de Janeiro;30/04/2025 15:39:18;27/05/2025 15:06:27;Marcos Francisco;marcos.francisco@olvinternacional.com.br;Dados Validados;Padrão;
34425507;ATI Elevadores;Marcos Oliveira;;Apollo.IA;mechanical or industrial engineering;;(+55) 0;0;https://atielevadores.com.br;elevadores seguro, fabricacao de elevadores, plataforma de acessibilidade, elevadores residenciais, elevadores, elevadores comerciais, elevadores de carga, acessibilidade, elevadores de maca, elevators, vertical transport, accessibility, security systems, machine room-less, automatic rescue system, energy efficiency, custom elevator solutions, industrial elevators, hospital elevators, commercial elevators, residential elevators, smart technology, load capacity, passenger flow management, elevator installation, elevator maintenance, elevator modernization, automated doors, safety sensors, fire safety compliance, design innovation, encoder leveling system, intelligent lighting, user-friendly controls, high-speed elevators, multi-story buildings, hospital bed elevators, luxury elevators, platform lifts, sustainability in elevators, elevator consultation, vertical mobility solutions, smart building integration, user experience enhancement, modular elevator designs, energy-saving technology, customizable features, rescue operation protocols, emergency power systems, regular inspections, building code adherence, elevator upgrades, client satisfaction, competitive pricing, engineered solutions, advanced safety protocols, vertical transportation systems, environmental services, renewables & environment;https://app.exactspotter.com/public/aWQ9MzQ0MjU1MDcmZWNpZD0xNzg3OQ2;;;Rua Geraldino;14;;;74391-470;Brasil;Goiás;Goiânia;30/04/2025 15:39:18;27/05/2025 15:06:06;Marcos Francisco;marcos.francisco@olvinternacional.com.br;Dados Validados;Padrão;
34432047;Nortec - Comercio e Representacoes ;Marcos Oliveira;;Prospecção Ativa;Manufatura;;(+55) 11984153720, (+55) 1138390690;11984153720;nortec.tc;CNPJ: 54610449000109, Razão Social: NORTEC - COMERCIO E REPRESENTACOES LTDA, Data de Abertura: 23/07/1985, Outros emails: nortec@nortec.tc, NORTEC@NORTEC.TC, info@nortec.tc, g.granato@nortec.tc, joffre@nortec.tc, Sócios: Artur Granato, Eliana Gagliotti Santoro Granato, CNAE primário:3314715-Manutenção e reparação de máquinas e equipamentos para uso na extração mineral, exceto na extração de petróleo, Porte: EPP - Empresa de Pequeno Porte, Faixa de Funcionários: De 20 à 49 funcionários, Faixa de Faturamento: De R$ 480 mil até R$ 4.8 milhões de reais por ano, Facebook: NULL, Instagram: NULL, X: https://www.instagram.com/nortecrn/, LinkedIn: NULL, Optante pelo SIMPLES;https://app.exactspotter.com/public/aWQ9MzQ0MzIwNDcmZWNpZD0xNzg3OQ2;;54610449000109;FRANCA, Nº 1314;;CONJ 111;;01422004;Brasil;São Paulo;São Paulo;30/04/2025 18:52:49;30/04/2025 18:52:49;Marcos Oliveira;marcos.oliveira@olvinternacional.com.br;Entrada;Padrão;
34432046;Teknobras Empreendimentos e Participacoes ;Marcos Oliveira;;Prospecção Ativa;Manufatura;;(+55) 1150564050, (+55) 1133110908;1150564050;;CNPJ: 07914175000153, Razão Social: TEKNOBRAS EMPREENDIMENTOS E PARTICIPACOES LTDA, Data de Abertura: 17/03/2006, Outros emails: metropolitana@metropolitanasp.com.br, Sócios: Andrei Goldchleger, Grigori Goldchleger, CNAE primário:0910600-Atividades de apoio à extração de petróleo e gás natural, Porte: EPP - Empresa de Pequeno Porte, Faixa de Funcionários: De 20 à 49 funcionários, Faixa de Faturamento: De R$ 480 mil até R$ 4.8 milhões de reais por ano, Não Optante pelo SIMPLES;https://app.exactspotter.com/public/aWQ9MzQ0MzIwNDYmZWNpZD0xNzg3OQ2;;07914175000153;DO BOSQUE, Nº 376;;;;01136000;Brasil;São Paulo;São Paulo;30/04/2025 18:52:49;30/04/2025 18:52:49;Marcos Oliveira;marcos.oliveira@olvinternacional.com.br;Entrada;Padrão;
34432044;Petros- Industria,Comercio,Importacao Exportacao de Derivados de Petroleo ;Marcos Oliveira;;Prospecção Ativa;Manufatura;;;;gulfdobrasil.com.br;CNPJ: 34883214000175, Nome Fantasia: PETROS, Razão Social: PETROS- INDUSTRIA,COMERCIO,IMPORTACAO EXPORTACAO DE DERIVADOS DE PETROLEO LTDA, Data de Abertura: 16/09/2019, Outros emails: EXPEDIENTE@DEMARTINO.COM.BR, vendas@gulfdobrasil.com.br, contato@gulfdobrasil.com.br, bruno.maschtakow@gulfdobrasil.com.br, Sócios: Ronaldo Amazonas Do Brasil Mendanha, CNAE primário:1922599-Fabricação de outros produtos derivados do petróleo, exceto produtos do refino, Porte: EMP - Empresa de Médio Porte, Faixa de Funcionários: De 100 à 249 funcionários, Faixa de Faturamento: De R$ 480 mil até R$ 4.8 milhões de reais por ano, Não Optante pelo SIMPLES;https://app.exactspotter.com/public/aWQ9MzQ0MzIwNDQmZWNpZD0xNzg3OQ2;;34883214000175;MARIA CONCEICAO APARECIDA ANDRADE, Nº 300;;SETOR B;;18560000;Brasil;São Paulo;Iperó;30/04/2025 18:52:49;27/05/2025 15:08:14;Marcos Oliveira;marcos.oliveira@olvinternacional.com.br;Dados Validados;Padrão;
34432072;D & K Equipamentos e Lubrificantes ;Marcos Oliveira;;Prospecção Ativa;Manufatura;;(+55) 11983155939, (+55) 1146856722;11983155939;dekbrasil.com.br;CNPJ: 06109251000195, Nome Fantasia: D & K EQUIPAMENTOS, Razão Social: D & K EQUIPAMENTOS E LUBRIFICANTES LTDA, Data de Abertura: 26/01/2004, Sócios: Eudes Emanoel Nunes Barros, Rita De Cassia Elias Dos Santos, CNAE primário:1922599-Fabricação de outros produtos derivados do petróleo, exceto produtos do refino, Porte: EPP - Empresa de Pequeno Porte, Faixa de Funcionários: De 20 à 49 funcionários, Faixa de Faturamento: De R$ 480 mil até R$ 4.8 milhões de reais por ano, Facebook: NULL, Instagram: NULL, X: NULL, LinkedIn: https://br.linkedin.com/company/d-&-k-equipamentos-e-lubrificantes, Não Optante pelo SIMPLES;https://app.exactspotter.com/public/aWQ9MzQ0MzIwNzImZWNpZD0xNzg3OQ2;;06109251000195;- HENRIQUE DE MORAES CAMARGO, Nº 174;;;;06767320;Brasil;São Paulo;Taboão da Serra;30/04/2025 18:53:01;30/04/2025 18:53:01;Marcos Oliveira;marcos.oliveira@olvinternacional.com.br;Entrada;Padrão;
34432080;Intero Integrity Services Brasil ;Marcos Oliveira;;Prospecção Ativa;Manufatura;;(+55) 1124293477;1124293477;;CNPJ: 07359908000135, Razão Social: INTERO INTEGRITY SERVICES BRASIL LTDA, Data de Abertura: 17/01/2005, Sócios: Intero Integrity Services B.v, Peter Alexander Sterzing, Deangeles Eliezer Ramos Lopes, CNAE primário:3314714-Manutenção e reparação de máquinas e equipamentos para a prospecção e extração de petróleo, Porte: EPP - Empresa de Pequeno Porte, Faixa de Funcionários: De 20 à 49 funcionários, Faixa de Faturamento: De R$ 480 mil até R$ 4.8 milhões de reais por ano, Não Optante pelo SIMPLES;https://app.exactspotter.com/public/aWQ9MzQ0MzIwODAmZWNpZD0xNzg3OQ2;;07359908000135;EDISON BENEDITO ANDREAZZA, Nº 71;;;;13309800;Brasil;São Paulo;Itu;30/04/2025 18:53:05;30/04/2025 18:53:05;Marcos Oliveira;marcos.oliveira@olvinternacional.com.br;Entrada;Padrão;
34432045;Piacentini & Cia. .;Marcos Oliveira;;Prospecção Ativa;Manufatura;;(+55) 1934172200, (+55) 19971714571;1934172200;;CNPJ: 54366679000166, Nome Fantasia: METALURGICA BOM JESUS, Razão Social: PIACENTINI & CIA. LTDA., Data de Abertura: 22/08/1966, Outros emails: FISCAL@PIACEN.COM.BR, Sócios: Sonia Maria Bernardino Benato, Nair Aparecida Bernardino De Carvalho, Maria Heloisa Bernardino Cruz, Antonio Fernando Bernardino, Miriam Das Gracas Piacentini Pinheiro, Mirivan Piacentini, CNAE primário:2852600-Fabricação de outras máquinas e equipamentos para uso na extração mineral, peças e acessórios, exceto na extração de petróleo, Porte: EPP - Empresa de Pequeno Porte, Faixa de Funcionários: De 20 à 49 funcionários, Faixa de Faturamento: De R$ 480 mil até R$ 4.8 milhões de reais por ano, Não Optante pelo SIMPLES;https://app.exactspotter.com/public/aWQ9MzQ0MzIwNDUmZWNpZD0xNzg3OQ2;;54366679000166;DR JOAO CONCEICAO, Nº 1494;;;;13424010;Brasil;São Paulo;Piracicaba;30/04/2025 18:52:49;30/04/2025 18:52:49;Marcos Oliveira;marcos.oliveira@olvinternacional.com.br;Entrada;Padrão;
34425517;GoldKo;Marcos Oliveira;;Apollo.IA;mechanical or industrial engineering;;(+55) 0;0;https://goldko.com.br;chocolate zero adicao de acucares, marshmallow zero adicao de acucares, chocolate, ice cream, protein bars, coffee, manufacturing, mechanical or industrial engineering;https://app.exactspotter.com/public/aWQ9MzQ0MjU1MTcmZWNpZD0xNzg3OQ2;;;Rua Joaquim Floriano;466;;;04534-011;Brasil;São Paulo;São Paulo;30/04/2025 15:39:19;30/04/2025 15:39:19;Marcos Francisco;marcos.francisco@olvinternacional.com.br;Entrada;Padrão;
34425522;Fuel Eyewear Company;Marcos Oliveira;;Apollo.IA;mechanical or industrial engineering;;(+55) 21993804724;21993804724;https://usefuel.com.br;manufacturing, sunglasses, polarized lenses, uv protection, aviator style, round frame, panto frame, rectangular frame, sports sunglasses, geometric design, mask style, fashion eyewear, men's sunglasses, women's sunglasses, colorful lens options, limited edition, trendy accessories, stylish frames, acetate material, creative design, unique eyewear, collection collaborations, customized sunglasses, high-quality eyewear, fashion statement, trendsetting styles, retro sunglasses, vegan materials, rectangle shape, oval shape, classic design, face shape guide, frame size options, discounts & offers, latest releases, fashionable sunglasses, eye care compliance, direct from manufacturer, protective eyewear, fashion innovation, shopping convenience, customer satisfaction, returns & exchanges, top-selling items, gift options, functional eyewear, accessory trends, bestselling collections, mechanical or industrial engineering;https://app.exactspotter.com/public/aWQ9MzQ0MjU1MjImZWNpZD0xNzg3OQ2;;;Avenida das Americas;18000;;;22790-703;Brasil;Rio de Janeiro;Rio de Janeiro;30/04/2025 15:39:20;27/05/2025 15:07:57;Marcos Francisco;marcos.francisco@olvinternacional.com.br;Dados Validados;Padrão;
34432057;Lider Lub Industria e Comercio de Lubrificantes ;Marcos Oliveira;;Prospecção Ativa;Manufatura;;(+55) 1140161145, (+55) 1333013361;1140161145;liderlubrificantes.com.br;CNPJ: 09555226000123, Nome Fantasia: LIDER LUB - LUBRIFICANTES, Razão Social: LIDER LUB INDUSTRIA E COMERCIO DE LUBRIFICANTES LTDA, Data de Abertura: 26/03/2008, Sócios: Vivian Amaral Silveira, CNAE primário:1922599-Fabricação de outros produtos derivados do petróleo, exceto produtos do refino, Porte: EPP - Empresa de Pequeno Porte, Faixa de Funcionários: De 50 à 99 funcionários, Faixa de Faturamento: De R$ 480 mil até R$ 4.8 milhões de reais por ano, Não Optante pelo SIMPLES;https://app.exactspotter.com/public/aWQ9MzQ0MzIwNTcmZWNpZD0xNzg3OQ2;;09555226000123;DONATELO, Nº 725;;;;13240000;Brasil;São Paulo;Jarinu;30/04/2025 18:52:54;27/05/2025 15:09:35;Marcos Oliveira;marcos.oliveira@olvinternacional.com.br;Dados Validados;Padrão;
34425512;CMP Group Ltd.;Marcos Oliveira;;Apollo.IA;mechanical or industrial engineering;;(+1) 6049402010;6049402010;https://cmpgroup.net;ground tackle, corrosion prevention, marine anodes, dock & boat accessories, steering & control systems, chain, shackles & swivels, engineering & design, diecasting, cnc machining, manufacturing, corrosion protection, die casting, pressure die casting, marine products, anodes, custom die casting, zinc casting, aluminum casting, lead casting, magnesium casting, martyr anodes, marine steering controls, autopilot systems, dock accessories, boat accessories, engineering services, precision testing, assembly solutions, packaging solutions, metal fabrication, manufacturing facilities, environmentally friendly products, marine hardware, trolling motors, boats, commercial marine, recreational marine, engineering design, machining services, marine chain, lifting equipment, fouling protection, aluminium alloy, non-ferrous metals, rotomolding, metal stamping, molding techniques, extruding plastics, sustainability, iso certification, marine markets, processing speed, machined components, precision tolerances, metal coatings, crucible technologies, engineering design solutions, alloy specifications, machinery, mechanical or industrial engineering, information technology & services, environmental services, renewables & environment;https://app.exactspotter.com/public/aWQ9MzQ0MjU1MTImZWNpZD0xNzg3OQ2;;;Progress Way;7733;;;;Brasil;São Paulo;São Paulo;30/04/2025 15:39:18;27/05/2025 15:07:39;Marcos Francisco;marcos.francisco@olvinternacional.com.br;Dados Validados;Padrão;

